--
-- PostgreSQL database dump
--

-- Dumped from database version 9.3.2
-- Dumped by pg_dump version 9.3.2
-- Started on 2014-03-01 18:52:28

SET statement_timeout = 0;
SET lock_timeout = 0;
SET client_encoding = 'UTF8';
SET standard_conforming_strings = on;
SET check_function_bodies = false;
SET client_min_messages = warning;

DROP DATABASE quiz;
--
-- TOC entry 2000 (class 1262 OID 16393)
-- Name: quiz; Type: DATABASE; Schema: -; Owner: postgres
--

CREATE DATABASE quiz WITH TEMPLATE = template0 ENCODING = 'UTF8' LC_COLLATE = 'English_United States.1252' LC_CTYPE = 'English_United States.1252';


ALTER DATABASE quiz OWNER TO postgres;

\connect quiz

SET statement_timeout = 0;
SET lock_timeout = 0;
SET client_encoding = 'UTF8';
SET standard_conforming_strings = on;
SET check_function_bodies = false;
SET client_min_messages = warning;

--
-- TOC entry 7 (class 2615 OID 16481)
-- Name: content; Type: SCHEMA; Schema: -; Owner: postgres
--

CREATE SCHEMA content;


ALTER SCHEMA content OWNER TO postgres;

--
-- TOC entry 5 (class 2615 OID 2200)
-- Name: public; Type: SCHEMA; Schema: -; Owner: postgres
--

CREATE SCHEMA public;


ALTER SCHEMA public OWNER TO postgres;

--
-- TOC entry 2002 (class 0 OID 0)
-- Dependencies: 5
-- Name: SCHEMA public; Type: COMMENT; Schema: -; Owner: postgres
--

COMMENT ON SCHEMA public IS 'standard public schema';


--
-- TOC entry 181 (class 3079 OID 11750)
-- Name: plpgsql; Type: EXTENSION; Schema: -; Owner: 
--

CREATE EXTENSION IF NOT EXISTS plpgsql WITH SCHEMA pg_catalog;


--
-- TOC entry 2004 (class 0 OID 0)
-- Dependencies: 181
-- Name: EXTENSION plpgsql; Type: COMMENT; Schema: -; Owner: 
--

COMMENT ON EXTENSION plpgsql IS 'PL/pgSQL procedural language';


SET search_path = content, pg_catalog;

SET default_tablespace = '';

SET default_with_oids = false;

--
-- TOC entry 178 (class 1259 OID 16496)
-- Name: menu_groups; Type: TABLE; Schema: content; Owner: postgres; Tablespace: 
--

CREATE TABLE menu_groups (
    id bigint NOT NULL,
    name character varying(100) NOT NULL,
    template character varying(100) NOT NULL
);


ALTER TABLE content.menu_groups OWNER TO postgres;

--
-- TOC entry 177 (class 1259 OID 16494)
-- Name: menu_groups_id_seq; Type: SEQUENCE; Schema: content; Owner: postgres
--

CREATE SEQUENCE menu_groups_id_seq
    START WITH 1
    INCREMENT BY 1
    NO MINVALUE
    NO MAXVALUE
    CACHE 1;


ALTER TABLE content.menu_groups_id_seq OWNER TO postgres;

--
-- TOC entry 2006 (class 0 OID 0)
-- Dependencies: 177
-- Name: menu_groups_id_seq; Type: SEQUENCE OWNED BY; Schema: content; Owner: postgres
--

ALTER SEQUENCE menu_groups_id_seq OWNED BY menu_groups.id;


--
-- TOC entry 180 (class 1259 OID 16515)
-- Name: menu_links; Type: TABLE; Schema: content; Owner: postgres; Tablespace: 
--

CREATE TABLE menu_links (
    id bigint NOT NULL,
    page_id smallint,
    menu_group_id smallint
);


ALTER TABLE content.menu_links OWNER TO postgres;

--
-- TOC entry 179 (class 1259 OID 16513)
-- Name: menu_links_id_seq; Type: SEQUENCE; Schema: content; Owner: postgres
--

CREATE SEQUENCE menu_links_id_seq
    START WITH 1
    INCREMENT BY 1
    NO MINVALUE
    NO MAXVALUE
    CACHE 1;


ALTER TABLE content.menu_links_id_seq OWNER TO postgres;

--
-- TOC entry 2008 (class 0 OID 0)
-- Dependencies: 179
-- Name: menu_links_id_seq; Type: SEQUENCE OWNED BY; Schema: content; Owner: postgres
--

ALTER SEQUENCE menu_links_id_seq OWNED BY menu_links.id;


--
-- TOC entry 176 (class 1259 OID 16484)
-- Name: pages; Type: TABLE; Schema: content; Owner: postgres; Tablespace: 
--

CREATE TABLE pages (
    id bigint NOT NULL,
    uri character varying(50) NOT NULL,
    title character varying(200),
    template character varying(100) NOT NULL,
    is_default smallint DEFAULT 0 NOT NULL
);


ALTER TABLE content.pages OWNER TO postgres;

--
-- TOC entry 175 (class 1259 OID 16482)
-- Name: pages_id_seq; Type: SEQUENCE; Schema: content; Owner: postgres
--

CREATE SEQUENCE pages_id_seq
    START WITH 1
    INCREMENT BY 1
    NO MINVALUE
    NO MAXVALUE
    CACHE 1;


ALTER TABLE content.pages_id_seq OWNER TO postgres;

--
-- TOC entry 2010 (class 0 OID 0)
-- Dependencies: 175
-- Name: pages_id_seq; Type: SEQUENCE OWNED BY; Schema: content; Owner: postgres
--

ALTER SEQUENCE pages_id_seq OWNED BY pages.id;


SET search_path = public, pg_catalog;

--
-- TOC entry 174 (class 1259 OID 16445)
-- Name: quotes; Type: TABLE; Schema: public; Owner: postgres; Tablespace: 
--

CREATE TABLE quotes (
    id bigint NOT NULL,
    author character varying(200) NOT NULL,
    quote character varying(1000) NOT NULL,
    category_id smallint NOT NULL,
    api_id character(24) NOT NULL,
    date timestamp without time zone DEFAULT now() NOT NULL
);


ALTER TABLE public.quotes OWNER TO postgres;

--
-- TOC entry 172 (class 1259 OID 16412)
-- Name: quotes_categories; Type: TABLE; Schema: public; Owner: postgres; Tablespace: 
--

CREATE TABLE quotes_categories (
    id bigint NOT NULL,
    name character varying(30) NOT NULL
);


ALTER TABLE public.quotes_categories OWNER TO postgres;

--
-- TOC entry 171 (class 1259 OID 16410)
-- Name: quotes_categories_id_seq; Type: SEQUENCE; Schema: public; Owner: postgres
--

CREATE SEQUENCE quotes_categories_id_seq
    START WITH 1
    INCREMENT BY 1
    NO MINVALUE
    NO MAXVALUE
    CACHE 1;


ALTER TABLE public.quotes_categories_id_seq OWNER TO postgres;

--
-- TOC entry 2013 (class 0 OID 0)
-- Dependencies: 171
-- Name: quotes_categories_id_seq; Type: SEQUENCE OWNED BY; Schema: public; Owner: postgres
--

ALTER SEQUENCE quotes_categories_id_seq OWNED BY quotes_categories.id;


--
-- TOC entry 173 (class 1259 OID 16443)
-- Name: quotes_id_seq; Type: SEQUENCE; Schema: public; Owner: postgres
--

CREATE SEQUENCE quotes_id_seq
    START WITH 1
    INCREMENT BY 1
    NO MINVALUE
    NO MAXVALUE
    CACHE 1;


ALTER TABLE public.quotes_id_seq OWNER TO postgres;

--
-- TOC entry 2014 (class 0 OID 0)
-- Dependencies: 173
-- Name: quotes_id_seq; Type: SEQUENCE OWNED BY; Schema: public; Owner: postgres
--

ALTER SEQUENCE quotes_id_seq OWNED BY quotes.id;


SET search_path = content, pg_catalog;

--
-- TOC entry 1854 (class 2604 OID 16499)
-- Name: id; Type: DEFAULT; Schema: content; Owner: postgres
--

ALTER TABLE ONLY menu_groups ALTER COLUMN id SET DEFAULT nextval('menu_groups_id_seq'::regclass);


--
-- TOC entry 1855 (class 2604 OID 16518)
-- Name: id; Type: DEFAULT; Schema: content; Owner: postgres
--

ALTER TABLE ONLY menu_links ALTER COLUMN id SET DEFAULT nextval('menu_links_id_seq'::regclass);


--
-- TOC entry 1852 (class 2604 OID 16487)
-- Name: id; Type: DEFAULT; Schema: content; Owner: postgres
--

ALTER TABLE ONLY pages ALTER COLUMN id SET DEFAULT nextval('pages_id_seq'::regclass);


SET search_path = public, pg_catalog;

--
-- TOC entry 1850 (class 2604 OID 16459)
-- Name: id; Type: DEFAULT; Schema: public; Owner: postgres
--

ALTER TABLE ONLY quotes ALTER COLUMN id SET DEFAULT nextval('quotes_id_seq'::regclass);


--
-- TOC entry 1849 (class 2604 OID 16415)
-- Name: id; Type: DEFAULT; Schema: public; Owner: postgres
--

ALTER TABLE ONLY quotes_categories ALTER COLUMN id SET DEFAULT nextval('quotes_categories_id_seq'::regclass);


SET search_path = content, pg_catalog;

--
-- TOC entry 1993 (class 0 OID 16496)
-- Dependencies: 178
-- Data for Name: menu_groups; Type: TABLE DATA; Schema: content; Owner: postgres
--

COPY menu_groups (id, name, template) FROM stdin;
1	menuNavigation	menu.tpl
\.


--
-- TOC entry 2016 (class 0 OID 0)
-- Dependencies: 177
-- Name: menu_groups_id_seq; Type: SEQUENCE SET; Schema: content; Owner: postgres
--

SELECT pg_catalog.setval('menu_groups_id_seq', 1, true);


--
-- TOC entry 1995 (class 0 OID 16515)
-- Dependencies: 180
-- Data for Name: menu_links; Type: TABLE DATA; Schema: content; Owner: postgres
--

COPY menu_links (id, page_id, menu_group_id) FROM stdin;
1	1	1
2	2	1
\.


--
-- TOC entry 2017 (class 0 OID 0)
-- Dependencies: 179
-- Name: menu_links_id_seq; Type: SEQUENCE SET; Schema: content; Owner: postgres
--

SELECT pg_catalog.setval('menu_links_id_seq', 2, true);


--
-- TOC entry 1991 (class 0 OID 16484)
-- Dependencies: 176
-- Data for Name: pages; Type: TABLE DATA; Schema: content; Owner: postgres
--

COPY pages (id, uri, title, template, is_default) FROM stdin;
2	settings.php	Quiz Settings	settings.tpl	0
1	quiz.php	Famous Quiz Test	quiz.tpl	1
\.


--
-- TOC entry 2018 (class 0 OID 0)
-- Dependencies: 175
-- Name: pages_id_seq; Type: SEQUENCE SET; Schema: content; Owner: postgres
--

SELECT pg_catalog.setval('pages_id_seq', 2, true);


SET search_path = public, pg_catalog;

--
-- TOC entry 1989 (class 0 OID 16445)
-- Dependencies: 174
-- Data for Name: quotes; Type: TABLE DATA; Schema: public; Owner: postgres
--

COPY quotes (id, author, quote, category_id, api_id, date) FROM stdin;
3	Pierre de Coubertin	For me sport was a religion... with religious sentiment.	3	mrYnhziWR_rTkJqyyQ_IOQeF	2014-02-27 14:00:15.844
4	Rene Cassin	I shall confess at the outset that it was only shortly after the beginning of this century that I entered active life - with a somewhat precocious capacity for involvement.	4	SsKTjxifVewQj84XRjZDMQeF	2014-02-27 14:00:15.844
5	Markus Zusak	I'd seen glimpses of a different me. It was a different me because in those increments of time I thought I actually became a winner.The truth, however, is painful.It was a truth that told me with a scratching internal brutality that I was me, and that winning wan't natural for me. It had to be fought for, in the echoes and trodden footprints of my mind. In a way, I had to scavenge for moments of alrightness. ,	5	HdvtN1JVlieIIDZzkGxXMAeF	2014-02-27 14:00:15.844
6	Morgan Rhodes	Hate is such a strong emotion. Much more powerful than indifference. But those who burn with hate can also love just as intensely. Can't they? When you hate--or --do you do so with all your heart? So much that it feels as if you might die from it? ,	6	REHxRA1y5zKS0dlPf5ZGfweF	2014-02-27 14:00:15.844
13	Reverend Jen	Love is like the human appendix. You take it for granted while it's there, but when it's suddenly gone you're forced to endure horrible pain that can only be alleviated through drugs. ,	1	UwC1Mpjta5CS9vHQRMyMJgeF	2014-02-28 10:12:09.855
7	Steven Wright	When I was a little kid we had a sand box. It was a quicksand box. I was an only child...eventually.	1	gtvyWJxS37dLhVLpCDlwRweF	2014-02-27 14:00:33.979
8	Mitt Romney	Leadership, leadership is about taking responsibility, not making excuses.	2	0Tn_7WXQ3BlwOEXr2s1hPgeF	2014-02-27 14:00:37.38
9	John Irving	I think the sport of wrestling, which I became involved with at the age of 14... I competed until I was 34, kind of old for a contact sport. I coached the sport until I was 47. I think the discipline of wrestling has given me the discipline I have to write.	3	bmfFq_pUxiE30OP9XSrW7weF	2014-02-27 14:00:39.056
10	Joseph Campbell	I think it's important to live life with a knowledge of its mystery, and of your own mystery.	4	PLtLNVOFl3xqtXe_FwQ1igeF	2014-02-27 14:00:40.521
11	Vince Lombardi Jr.	The real glory is being knocked to your knees and then coming back. That's real glory. Thats the essence of it.	5	jSDF04_EdpB2VJFUfxcmSAeF	2014-02-27 15:02:44.339
12	Mother Teresa	A joyful heart is the normal result of a heart burning with love. She gives most who gives with joy. ,	6	22qbeUyL4bOqKhhX0zn6lweF	2014-02-27 15:02:45.846
1	Douglas MacArthur	Whoever said the pen is mightier than the sword obviously never encountered automatic weapons.	1	xzbdLsE4gCSUcRNBGwwgrQeF	2014-02-27 14:00:15.844
14	Bill Bradley	Leaders should be collaborative, modest, and generous.	2	seL0_mv_Iw56IJ5X74_GhQeF	2014-02-28 10:12:10.301
15	Lorraine Lee Cudmore	Like the furtive collectors of stolen art, cell biologists are forced to be lonely admirers of spectacular architecture, exquisite symmetry, dramas of violence and death, mobility, selfsacrifice and, yes, rococo sex.	3	YCyu5nF_ioeEHKDEf43TqgeF	2014-02-28 10:12:11.046
16	Henry David Thoreau	Age is no better, hardly so well, qualified for an instructor as youth, for it has not profited so much as it has lost. ,	4	4_DJBIvtikF_MeQJILlfsgeF	2014-02-28 10:12:11.5
17	Jimmy Connors	I hate to lose more than I love to win.	5	fyhsPd_DdB6qiUByNrYK_weF	2014-02-28 10:12:12.319
18	Walter Pater	Great passions may give us a quickened sense of life, ecstasy and sorrow of love, the various forms of enthusiastic activity, disinterested or otherwise, which comes naturally to many of us.	6	XrYFwNhriRX53c2vwJVMFAeF	2014-02-28 10:12:12.95
19	Mike Royko	Show me somebody who is always smiling, always cheerful, always optimistic, and I will show you somebody who hasn't the faintest idea what the heck is really going on.	1	pZS676TewjVLGqYlYJA2_geF	2014-03-01 10:00:43.35
20	Jarod Kintz	Leadership is being the first egg in the omelet. ,	2	bMtM8YitjyYsq70hIL01ggeF	2014-03-01 10:00:44.248
21	Bobby Jones	Sometimes the game of golf is just too difficult to endure with a golf club in your hands.	3	YfqSSA6qi4g27mL2Kf7poAeF	2014-03-01 10:00:44.992
22	Sean Astin	I don't want to play the fat guy or the friend for the rest of my life.	4	Vc3kpPggzlWgIUl65ycoZgeF	2014-03-01 10:00:45.64
23	Albert Einstein	Great spirits have always encountered violent opposition from mediocre minds.	5	TglL1tEyLrr260qwC3XXTgeF	2014-03-01 10:00:46.039
24	William Shakespeare	They do not love that do not show their love.	6	gnMZslD2bW_xBfOG01TmWQeF	2014-03-01 10:00:46.548
2	Alexander Mackenzie	We shall all respect the principle of each other and do nothing that would be regarded as an act oppression to any portion of the people	2	d5tFXe4Xc3tt7dNkyl_duAeF	2014-02-27 14:00:15.844
\.


--
-- TOC entry 1987 (class 0 OID 16412)
-- Dependencies: 172
-- Data for Name: quotes_categories; Type: TABLE DATA; Schema: public; Owner: postgres
--

COPY quotes_categories (id, name) FROM stdin;
1	funny
2	management 
3	sports
4	life
5	inspire
6	love
\.


--
-- TOC entry 2019 (class 0 OID 0)
-- Dependencies: 171
-- Name: quotes_categories_id_seq; Type: SEQUENCE SET; Schema: public; Owner: postgres
--

SELECT pg_catalog.setval('quotes_categories_id_seq', 6, true);


--
-- TOC entry 2020 (class 0 OID 0)
-- Dependencies: 173
-- Name: quotes_id_seq; Type: SEQUENCE SET; Schema: public; Owner: postgres
--

SELECT pg_catalog.setval('quotes_id_seq', 24, true);


SET search_path = content, pg_catalog;

--
-- TOC entry 1869 (class 2606 OID 16532)
-- Name: menu_groups_name_key; Type: CONSTRAINT; Schema: content; Owner: postgres; Tablespace: 
--

ALTER TABLE ONLY menu_groups
    ADD CONSTRAINT menu_groups_name_key UNIQUE (name);


--
-- TOC entry 1871 (class 2606 OID 16536)
-- Name: menu_groups_name_template_key; Type: CONSTRAINT; Schema: content; Owner: postgres; Tablespace: 
--

ALTER TABLE ONLY menu_groups
    ADD CONSTRAINT menu_groups_name_template_key UNIQUE (name, template);


--
-- TOC entry 1873 (class 2606 OID 16501)
-- Name: menu_groups_pkey; Type: CONSTRAINT; Schema: content; Owner: postgres; Tablespace: 
--

ALTER TABLE ONLY menu_groups
    ADD CONSTRAINT menu_groups_pkey PRIMARY KEY (id);


--
-- TOC entry 1875 (class 2606 OID 16520)
-- Name: menu_links_pkey; Type: CONSTRAINT; Schema: content; Owner: postgres; Tablespace: 
--

ALTER TABLE ONLY menu_links
    ADD CONSTRAINT menu_links_pkey PRIMARY KEY (id);


--
-- TOC entry 1866 (class 2606 OID 16492)
-- Name: pages_pkey; Type: CONSTRAINT; Schema: content; Owner: postgres; Tablespace: 
--

ALTER TABLE ONLY pages
    ADD CONSTRAINT pages_pkey PRIMARY KEY (id);


SET search_path = public, pg_catalog;

--
-- TOC entry 1857 (class 2606 OID 16419)
-- Name: quotes_categories_name_key; Type: CONSTRAINT; Schema: public; Owner: postgres; Tablespace: 
--

ALTER TABLE ONLY quotes_categories
    ADD CONSTRAINT quotes_categories_name_key UNIQUE (name);


--
-- TOC entry 1859 (class 2606 OID 16417)
-- Name: quotes_categories_pkey; Type: CONSTRAINT; Schema: public; Owner: postgres; Tablespace: 
--

ALTER TABLE ONLY quotes_categories
    ADD CONSTRAINT quotes_categories_pkey PRIMARY KEY (id);


--
-- TOC entry 1863 (class 2606 OID 16453)
-- Name: quotes_pkey; Type: CONSTRAINT; Schema: public; Owner: postgres; Tablespace: 
--

ALTER TABLE ONLY quotes
    ADD CONSTRAINT quotes_pkey PRIMARY KEY (id);


SET search_path = content, pg_catalog;

--
-- TOC entry 1864 (class 1259 OID 16545)
-- Name: pages_id_idx; Type: INDEX; Schema: content; Owner: postgres; Tablespace: 
--

CREATE INDEX pages_id_idx ON pages USING btree (id);


--
-- TOC entry 1867 (class 1259 OID 16544)
-- Name: pages_uri_idx; Type: INDEX; Schema: content; Owner: postgres; Tablespace: 
--

CREATE INDEX pages_uri_idx ON pages USING btree (uri);


SET search_path = public, pg_catalog;

--
-- TOC entry 1860 (class 1259 OID 16543)
-- Name: quotes_author_idx; Type: INDEX; Schema: public; Owner: postgres; Tablespace: 
--

CREATE INDEX quotes_author_idx ON quotes USING btree (author);


--
-- TOC entry 1861 (class 1259 OID 16542)
-- Name: quotes_id_idx; Type: INDEX; Schema: public; Owner: postgres; Tablespace: 
--

CREATE INDEX quotes_id_idx ON quotes USING btree (id);


SET search_path = content, pg_catalog;

--
-- TOC entry 1878 (class 2606 OID 16526)
-- Name: menu_links_menu_group_id_fkey; Type: FK CONSTRAINT; Schema: content; Owner: postgres
--

ALTER TABLE ONLY menu_links
    ADD CONSTRAINT menu_links_menu_group_id_fkey FOREIGN KEY (menu_group_id) REFERENCES menu_groups(id);


--
-- TOC entry 1877 (class 2606 OID 16521)
-- Name: menu_links_page_id_fkey; Type: FK CONSTRAINT; Schema: content; Owner: postgres
--

ALTER TABLE ONLY menu_links
    ADD CONSTRAINT menu_links_page_id_fkey FOREIGN KEY (page_id) REFERENCES pages(id);


SET search_path = public, pg_catalog;

--
-- TOC entry 1876 (class 2606 OID 16454)
-- Name: quotes_category_id_fkey; Type: FK CONSTRAINT; Schema: public; Owner: postgres
--

ALTER TABLE ONLY quotes
    ADD CONSTRAINT quotes_category_id_fkey FOREIGN KEY (category_id) REFERENCES quotes_categories(id);


--
-- TOC entry 2001 (class 0 OID 0)
-- Dependencies: 7
-- Name: content; Type: ACL; Schema: -; Owner: postgres
--

REVOKE ALL ON SCHEMA content FROM PUBLIC;
REVOKE ALL ON SCHEMA content FROM postgres;
GRANT ALL ON SCHEMA content TO postgres;
GRANT USAGE ON SCHEMA content TO web_user;


--
-- TOC entry 2003 (class 0 OID 0)
-- Dependencies: 5
-- Name: public; Type: ACL; Schema: -; Owner: postgres
--

REVOKE ALL ON SCHEMA public FROM PUBLIC;
REVOKE ALL ON SCHEMA public FROM postgres;
GRANT ALL ON SCHEMA public TO postgres;
GRANT ALL ON SCHEMA public TO PUBLIC;


SET search_path = content, pg_catalog;

--
-- TOC entry 2005 (class 0 OID 0)
-- Dependencies: 178
-- Name: menu_groups; Type: ACL; Schema: content; Owner: postgres
--

REVOKE ALL ON TABLE menu_groups FROM PUBLIC;
REVOKE ALL ON TABLE menu_groups FROM postgres;
GRANT ALL ON TABLE menu_groups TO postgres;
GRANT SELECT ON TABLE menu_groups TO web_user;


--
-- TOC entry 2007 (class 0 OID 0)
-- Dependencies: 180
-- Name: menu_links; Type: ACL; Schema: content; Owner: postgres
--

REVOKE ALL ON TABLE menu_links FROM PUBLIC;
REVOKE ALL ON TABLE menu_links FROM postgres;
GRANT ALL ON TABLE menu_links TO postgres;
GRANT SELECT ON TABLE menu_links TO web_user;


--
-- TOC entry 2009 (class 0 OID 0)
-- Dependencies: 176
-- Name: pages; Type: ACL; Schema: content; Owner: postgres
--

REVOKE ALL ON TABLE pages FROM PUBLIC;
REVOKE ALL ON TABLE pages FROM postgres;
GRANT ALL ON TABLE pages TO postgres;
GRANT SELECT ON TABLE pages TO web_user;


SET search_path = public, pg_catalog;

--
-- TOC entry 2011 (class 0 OID 0)
-- Dependencies: 174
-- Name: quotes; Type: ACL; Schema: public; Owner: postgres
--

REVOKE ALL ON TABLE quotes FROM PUBLIC;
REVOKE ALL ON TABLE quotes FROM postgres;
GRANT ALL ON TABLE quotes TO postgres;
GRANT SELECT,INSERT,UPDATE ON TABLE quotes TO transfer;
GRANT SELECT ON TABLE quotes TO web_user;


--
-- TOC entry 2012 (class 0 OID 0)
-- Dependencies: 172
-- Name: quotes_categories; Type: ACL; Schema: public; Owner: postgres
--

REVOKE ALL ON TABLE quotes_categories FROM PUBLIC;
REVOKE ALL ON TABLE quotes_categories FROM postgres;
GRANT ALL ON TABLE quotes_categories TO postgres;
GRANT SELECT,INSERT,UPDATE ON TABLE quotes_categories TO transfer;


--
-- TOC entry 2015 (class 0 OID 0)
-- Dependencies: 173
-- Name: quotes_id_seq; Type: ACL; Schema: public; Owner: postgres
--

REVOKE ALL ON SEQUENCE quotes_id_seq FROM PUBLIC;
REVOKE ALL ON SEQUENCE quotes_id_seq FROM postgres;
GRANT ALL ON SEQUENCE quotes_id_seq TO postgres;
GRANT SELECT,USAGE ON SEQUENCE quotes_id_seq TO transfer;


-- Completed on 2014-03-01 18:52:28

--
-- PostgreSQL database dump complete
--

